[
{
  "model": "auth.user",
  "pk": 1,
  "fields": {
    "password": "pbkdf2_sha256$600000$86GDFdLfWkxSUzEethb1wG$iCgtlIgZjYyIqOmrLg+3LyKZFUovr9WzdF1rg3Dbb00=",
    "last_login": "2024-06-05T22:25:23.931Z",
    "is_superuser": true,
    "username": "admin",
    "first_name": "",
    "last_name": "",
    "email": "",
    "is_staff": true,
    "is_active": true,
    "date_joined": "2024-02-20T16:34:23.473Z",
    "groups": [],
    "user_permissions": []
  }
},
{
  "model": "auth.user",
  "pk": 2,
  "fields": {
    "password": "pbkdf2_sha256$600000$tzOW52z7I3SBPovIzSTRTs$PuHaKS206VOBHzBXnk6221q7mmc4legBhRAw5GL3Vxo=",
    "last_login": "2024-06-05T22:28:09.071Z",
    "is_superuser": false,
    "username": "residentBot",
    "first_name": "",
    "last_name": "",
    "email": "",
    "is_staff": true,
    "is_active": true,
    "date_joined": "2024-06-05T22:14:38Z",
    "groups": [],
    "user_permissions": []
  }
},
{
  "model": "auth.user",
  "pk": 3,
  "fields": {
    "password": "pbkdf2_sha256$600000$bTVyUsbIyvIagSxHFqlP4G$/Cl3is7F+xk9EYMCnqgXnl9vrYZ2+B+4gCJkvKKut1U=",
    "last_login": "2024-06-05T22:27:44.821Z",
    "is_superuser": false,
    "username": "staffBot",
    "first_name": "",
    "last_name": "",
    "email": "",
    "is_staff": true,
    "is_active": true,
    "date_joined": "2024-06-05T22:15:01Z",
    "groups": [],
    "user_permissions": []
  }
},
{
  "model": "auth.user",
  "pk": 4,
  "fields": {
    "password": "pbkdf2_sha256$600000$fIoFFyyJ6FF5ACndekuFkV$ZmZTW0msPYEbGCUctZrhDzojNso91ZvdoEH5ZIt2Pgo=",
    "last_login": "2024-06-05T22:25:14.393Z",
    "is_superuser": false,
    "username": "fedosov",
    "first_name": "Георгий",
    "last_name": "Федосов",
    "email": "",
    "is_staff": true,
    "is_active": true,
    "date_joined": "2024-06-05T22:24:26Z",
    "groups": [],
    "user_permissions": []
  }
},
{
  "model": "authtoken.token",
  "pk": "565ceeb5fef405791a2636645fe46f21c0e3d084",
  "fields": {
    "user": 1,
    "created": "2024-06-05T22:25:23.928Z"
  }
},
{
  "model": "api_v1.city",
  "pk": 1,
  "fields": {
    "name": "Нижний Новгород"
  }
},
{
  "model": "api_v1.street",
  "pk": 6,
  "fields": {
    "city": 1,
    "name": "Белинского"
  }
},
{
  "model": "api_v1.street",
  "pk": 7,
  "fields": {
    "city": 1,
    "name": "Зеленхозовская-Парышевская"
  }
},
{
  "model": "api_v1.street",
  "pk": 8,
  "fields": {
    "city": 1,
    "name": "Бетанкура"
  }
},
{
  "model": "api_v1.street",
  "pk": 9,
  "fields": {
    "city": 1,
    "name": "Бекетова"
  }
},
{
  "model": "api_v1.street",
  "pk": 10,
  "fields": {
    "city": 1,
    "name": "Александра Хохлова"
  }
},
{
  "model": "api_v1.building",
  "pk": 21,
  "fields": {
    "street": 6,
    "number": 32,
    "corpus": null
  }
},
{
  "model": "api_v1.building",
  "pk": 22,
  "fields": {
    "street": 10,
    "number": 1,
    "corpus": null
  }
},
{
  "model": "api_v1.building",
  "pk": 23,
  "fields": {
    "street": 10,
    "number": 2,
    "corpus": null
  }
},
{
  "model": "api_v1.building",
  "pk": 24,
  "fields": {
    "street": 9,
    "number": 1,
    "corpus": null
  }
},
{
  "model": "api_v1.building",
  "pk": 25,
  "fields": {
    "street": 9,
    "number": 2,
    "corpus": null
  }
},
{
  "model": "api_v1.building",
  "pk": 26,
  "fields": {
    "street": 9,
    "number": 3,
    "corpus": null
  }
},
{
  "model": "api_v1.building",
  "pk": 27,
  "fields": {
    "street": 8,
    "number": 1,
    "corpus": null
  }
},
{
  "model": "api_v1.building",
  "pk": 28,
  "fields": {
    "street": 8,
    "number": 2,
    "corpus": null
  }
},
{
  "model": "api_v1.building",
  "pk": 29,
  "fields": {
    "street": 7,
    "number": 1,
    "corpus": null
  }
},
{
  "model": "api_v1.building",
  "pk": 30,
  "fields": {
    "street": 7,
    "number": 3,
    "corpus": null
  }
},
{
  "model": "api_v1.building",
  "pk": 31,
  "fields": {
    "street": 7,
    "number": 4,
    "corpus": null
  }
},
{
  "model": "api_v1.building",
  "pk": 32,
  "fields": {
    "street": 7,
    "number": 5,
    "corpus": null
  }
},
{
  "model": "api_v1.workschedule",
  "pk": 28,
  "fields": {
    "name": "Понедельник-пятница"
  }
},
{
  "model": "api_v1.workday",
  "pk": 8,
  "fields": {
    "schedule": 28,
    "day_of_week": 1,
    "is_not_working": true,
    "start_time": null,
    "end_time": null
  }
},
{
  "model": "api_v1.workday",
  "pk": 9,
  "fields": {
    "schedule": 28,
    "day_of_week": 2,
    "is_not_working": true,
    "start_time": null,
    "end_time": null
  }
},
{
  "model": "api_v1.workday",
  "pk": 10,
  "fields": {
    "schedule": 28,
    "day_of_week": 3,
    "is_not_working": true,
    "start_time": null,
    "end_time": null
  }
},
{
  "model": "api_v1.workday",
  "pk": 11,
  "fields": {
    "schedule": 28,
    "day_of_week": 4,
    "is_not_working": true,
    "start_time": null,
    "end_time": null
  }
},
{
  "model": "api_v1.workday",
  "pk": 12,
  "fields": {
    "schedule": 28,
    "day_of_week": 5,
    "is_not_working": true,
    "start_time": null,
    "end_time": null
  }
},
{
  "model": "api_v1.workday",
  "pk": 13,
  "fields": {
    "schedule": 28,
    "day_of_week": 6,
    "is_not_working": true,
    "start_time": null,
    "end_time": null
  }
},
{
  "model": "api_v1.workday",
  "pk": 14,
  "fields": {
    "schedule": 28,
    "day_of_week": 7,
    "is_not_working": true,
    "start_time": null,
    "end_time": null
  }
},
{
  "model": "api_v1.workday",
  "pk": 190,
  "fields": {
    "schedule": 28,
    "day_of_week": 1,
    "is_not_working": false,
    "start_time": "09:00:00",
    "end_time": "17:00:00"
  }
},
{
  "model": "api_v1.workday",
  "pk": 191,
  "fields": {
    "schedule": 28,
    "day_of_week": 2,
    "is_not_working": false,
    "start_time": "09:00:00",
    "end_time": "17:00:00"
  }
},
{
  "model": "api_v1.workday",
  "pk": 192,
  "fields": {
    "schedule": 28,
    "day_of_week": 3,
    "is_not_working": false,
    "start_time": "09:00:00",
    "end_time": "17:00:00"
  }
},
{
  "model": "api_v1.workday",
  "pk": 193,
  "fields": {
    "schedule": 28,
    "day_of_week": 4,
    "is_not_working": false,
    "start_time": "09:00:00",
    "end_time": "17:00:00"
  }
},
{
  "model": "api_v1.workday",
  "pk": 194,
  "fields": {
    "schedule": 28,
    "day_of_week": 5,
    "is_not_working": false,
    "start_time": "09:00:00",
    "end_time": "17:00:00"
  }
},
{
  "model": "api_v1.workday",
  "pk": 195,
  "fields": {
    "schedule": 28,
    "day_of_week": 6,
    "is_not_working": true,
    "start_time": null,
    "end_time": null
  }
},
{
  "model": "api_v1.workday",
  "pk": 196,
  "fields": {
    "schedule": 28,
    "day_of_week": 7,
    "is_not_working": true,
    "start_time": null,
    "end_time": null
  }
},
{
  "model": "api_v1.office",
  "pk": 63,
  "fields": {
    "name": "ННДК Управление Комфортом",
    "address": 21,
    "work_schedule": 28
  }
},
{
  "model": "api_v1.housingcomplex",
  "pk": 6,
  "fields": {
    "name": "Смородина",
    "office": 63
  }
},
{
  "model": "api_v1.housingcomplex",
  "pk": 7,
  "fields": {
    "name": "Бетанкур",
    "office": 63
  }
},
{
  "model": "api_v1.housingcomplex",
  "pk": 8,
  "fields": {
    "name": "Бекетов Парк",
    "office": 63
  }
},
{
  "model": "api_v1.housingcomplex",
  "pk": 9,
  "fields": {
    "name": "Корица",
    "office": 63
  }
},
{
  "model": "api_v1.house",
  "pk": 9,
  "fields": {
    "complex": 6,
    "address": 29
  }
},
{
  "model": "api_v1.house",
  "pk": 10,
  "fields": {
    "complex": 6,
    "address": 30
  }
},
{
  "model": "api_v1.house",
  "pk": 11,
  "fields": {
    "complex": 6,
    "address": 31
  }
},
{
  "model": "api_v1.house",
  "pk": 12,
  "fields": {
    "complex": 6,
    "address": 32
  }
},
{
  "model": "api_v1.house",
  "pk": 13,
  "fields": {
    "complex": 7,
    "address": 27
  }
},
{
  "model": "api_v1.house",
  "pk": 14,
  "fields": {
    "complex": 7,
    "address": 28
  }
},
{
  "model": "api_v1.house",
  "pk": 15,
  "fields": {
    "complex": 8,
    "address": 24
  }
},
{
  "model": "api_v1.house",
  "pk": 16,
  "fields": {
    "complex": 8,
    "address": 25
  }
},
{
  "model": "api_v1.house",
  "pk": 17,
  "fields": {
    "complex": 8,
    "address": 26
  }
},
{
  "model": "api_v1.house",
  "pk": 18,
  "fields": {
    "complex": 9,
    "address": 22
  }
},
{
  "model": "api_v1.house",
  "pk": 19,
  "fields": {
    "complex": 9,
    "address": 23
  }
},
{
  "model": "api_v1.executionstatus",
  "pk": 1,
  "fields": {
    "name": "Новая"
  }
},
{
  "model": "api_v1.executionstatus",
  "pk": 2,
  "fields": {
    "name": "В работе"
  }
},
{
  "model": "api_v1.executionstatus",
  "pk": 3,
  "fields": {
    "name": "На проверке"
  }
},
{
  "model": "api_v1.executionstatus",
  "pk": 4,
  "fields": {
    "name": "Завершена"
  }
},
{
  "model": "api_v1.department",
  "pk": 14,
  "fields": {
    "name": "Бухгалтерия"
  }
},
{
  "model": "api_v1.department",
  "pk": 15,
  "fields": {
    "name": "Юридический"
  }
},
{
  "model": "api_v1.department",
  "pk": 16,
  "fields": {
    "name": "Служба эксплуатации"
  }
},
{
  "model": "api_v1.department",
  "pk": 17,
  "fields": {
    "name": "IT служба"
  }
},
{
  "model": "api_v1.position",
  "pk": 13,
  "fields": {
    "name": "Системный администратор",
    "department": 17
  }
},
{
  "model": "api_v1.position",
  "pk": 14,
  "fields": {
    "name": "Программист",
    "department": 17
  }
},
{
  "model": "api_v1.position",
  "pk": 15,
  "fields": {
    "name": "Диспетчер",
    "department": 16
  }
},
{
  "model": "api_v1.position",
  "pk": 16,
  "fields": {
    "name": "Начальник СЭ",
    "department": 16
  }
},
{
  "model": "api_v1.position",
  "pk": 17,
  "fields": {
    "name": "Техник",
    "department": 16
  }
},
{
  "model": "api_v1.position",
  "pk": 18,
  "fields": {
    "name": "Электрик",
    "department": 16
  }
},
{
  "model": "api_v1.position",
  "pk": 19,
  "fields": {
    "name": "Бухгалтер",
    "department": 14
  }
},
{
  "model": "api_v1.position",
  "pk": 20,
  "fields": {
    "name": "Юрист",
    "department": 15
  }
},
{
  "model": "api_v1.employee",
  "pk": 10,
  "fields": {
    "name": "Варвара",
    "surname": "Бугаева",
    "patronymic": "Петровна",
    "phone": "+7 (957) 932-11",
    "email": "varvara45@rambler.ru",
    "office": 63,
    "position": 19,
    "tg_id": null
  }
},
{
  "model": "api_v1.employee",
  "pk": 11,
  "fields": {
    "name": "Георгий",
    "surname": "Федосов",
    "patronymic": "Прохорович",
    "phone": "+7 (947) 157-27",
    "email": "georgiy9018@gmail.com",
    "office": 63,
    "position": 15,
    "tg_id": null
  }
},
{
  "model": "api_v1.employee",
  "pk": 12,
  "fields": {
    "name": "Михаил",
    "surname": "Справцев",
    "patronymic": "Дмитриевич",
    "phone": "+7 (999) 944-62",
    "email": "mihail14071987@mail.ru",
    "office": 63,
    "position": 13,
    "tg_id": null
  }
},
{
  "model": "api_v1.employee",
  "pk": 13,
  "fields": {
    "name": "Кира",
    "surname": "Щеголяева",
    "patronymic": "Саввановна",
    "phone": "+7 (971) 857-10",
    "email": "kira.egolyaeva@gmail.com",
    "office": 63,
    "position": 20,
    "tg_id": null
  }
},
{
  "model": "api_v1.employee",
  "pk": 14,
  "fields": {
    "name": "Герасим",
    "surname": "Маринкин",
    "patronymic": "Венедиктович",
    "phone": "+7 (998) 769-51",
    "email": "gerasim5542@mail.ru",
    "office": 63,
    "position": 16,
    "tg_id": null
  }
},
{
  "model": "api_v1.employee",
  "pk": 15,
  "fields": {
    "name": "Василий",
    "surname": "Яблочков",
    "patronymic": "Юлианович",
    "phone": "+7 (964) 463-53",
    "email": "vasiliy1575@ya.ru",
    "office": 63,
    "position": 14,
    "tg_id": null
  }
},
{
  "model": "api_v1.employee",
  "pk": 16,
  "fields": {
    "name": "Алексей",
    "surname": "Гаголин",
    "patronymic": "Петрович",
    "phone": "+7 (909) 136-18",
    "email": "aleksey15051966@rambler.ru",
    "office": 63,
    "position": 17,
    "tg_id": null
  }
},
{
  "model": "api_v1.employee",
  "pk": 17,
  "fields": {
    "name": "Леонид",
    "surname": "Беляков",
    "patronymic": "Дмитриевич",
    "phone": "89047996383",
    "email": "leoniduspers@gmail.com",
    "office": 63,
    "position": 18,
    "tg_id": 465451112
  }
},
{
  "model": "api_v1.service",
  "pk": 22,
  "fields": {
    "name": "Замена электрического счётчика",
    "description": "Снятие старого электрического счётчика, установка нового, опломбирование",
    "position": 18
  }
},
{
  "model": "api_v1.service",
  "pk": 23,
  "fields": {
    "name": "Замена счётчика водоснабжения",
    "description": "Снятие старого счётчика водоснабжения, установка нового, опломбирование",
    "position": 17
  }
},
{
  "model": "api_v1.service",
  "pk": 24,
  "fields": {
    "name": "Ремонт протечки",
    "description": "Обнаружение и ликвидация протечки системы водоснабжения",
    "position": 17
  }
},
{
  "model": "api_v1.service",
  "pk": 25,
  "fields": {
    "name": "Устранение короткого замыкания",
    "description": "Обнаружение причины короткого замыкания и ликвидация этой причины",
    "position": 18
  }
},
{
  "model": "api_v1.botssettings",
  "pk": 1,
  "fields": {
    "residentBotToken": "6200922540:AAHYgNdtkiWKAk1pqcHm2oIC8vuCz7hm8Fo",
    "staffBotToken": "6200922540:AAHYgNdtkiWKAk1pqcHm2oIC8vuCz7hm8Fo"
  }
}
]
